<?xml version="1.0" encoding="UTF-8"?><CodeSystem xmlns="http://hl7.org/fhir"><id value="RelatedStatusCS"/><text><status value="generated"/><div xmlns="http://www.w3.org/1999/xhtml"><p class="res-header-id"><b>Generated Narrative: CodeSystem RelatedStatusCS</b></p><a name="RelatedStatusCS"> </a><a name="hcRelatedStatusCS"> </a><a name="RelatedStatusCS-en-US"> </a><p>This  code system <code>http://example.org/CodeSystem/RelatedStatusCS</code> defines the following codes:</p><table class="codes"><tr><td style="white-space:nowrap"><b>Code</b></td><td><b>Display</b></td></tr><tr><td style="white-space:nowrap">absent<a name="RelatedStatusCS-absent"> </a></td><td>Absent</td></tr><tr><td style="white-space:nowrap">present<a name="RelatedStatusCS-present"> </a></td><td>Present</td></tr></table></div></text><url value="http://example.org/CodeSystem/RelatedStatusCS"/><version value="0.1.0"/><name value="RelatedStatusCS"/><status value="draft"/><date value="2024-05-27"/><publisher value="NQF"/><contact><name value="NQF"/><telecom><system value="url"/><value value="http://example.org/example-publisher"/></telecom></contact><content value="complete"/><count value="2"/><concept><code value="absent"/><display value="Absent"/></concept><concept><code value="present"/><display value="Present"/></concept></CodeSystem>