<?xml version="1.0" encoding="UTF-8"?><ValueSet xmlns="http://hl7.org/fhir"><id value="ScaleVS"/><text><status value="generated"/><div xmlns="http://www.w3.org/1999/xhtml"><p class="res-header-id"><b>Generated Narrative: ValueSet ScaleVS</b></p><a name="ScaleVS"> </a><a name="hcScaleVS"> </a><a name="hcScaleVS-en-US"> </a><ul><li>Include codes from<code>https://www.snomed.org</code> where concept  is-a 4157120</li></ul></div></text><url value="http://example.org/ValueSet/ScaleVS"/><version value="0.1.0"/><name value="ScaleVS"/><status value="draft"/><date value="2024-05-27"/><publisher value="NQF"/><contact><name value="NQF"/><telecom><system value="url"/><value value="http://example.org/example-publisher"/></telecom></contact><compose><include><system value="https://www.snomed.org"/><filter><property value="concept"/><op value="is-a"/><value value="4157120"/></filter></include></compose></ValueSet>