<?xml version="1.0" encoding="UTF-8"?><ValueSet xmlns="http://hl7.org/fhir"><id value="RelatedValueVS"/><text><status value="generated"/><div xmlns="http://www.w3.org/1999/xhtml"><p class="res-header-id"><b>Generated Narrative: ValueSet RelatedValueVS</b></p><a name="RelatedValueVS"> </a><a name="hcRelatedValueVS"> </a><a name="RelatedValueVS-en-US"> </a><p>This value set includes codes based on the following rules:</p><ul><li>Include all codes defined in <code>https://www.snomed.org</code></li><li>Include all codes defined in <a href="http://terminology.hl7.org/6.0.2/CodeSystem-icd10CM.html"><code>http://hl7.org/fhir/sid/icd-10-cm</code></a></li></ul></div></text><url value="http://example.org/ValueSet/RelatedValueVS"/><version value="0.1.0"/><name value="RelatedValueVS"/><status value="draft"/><date value="2024-05-27"/><publisher value="NQF"/><contact><name value="NQF"/><telecom><system value="url"/><value value="http://example.org/example-publisher"/></telecom></contact><compose><include><system value="https://www.snomed.org"/></include><include><system value="http://hl7.org/fhir/sid/icd-10-cm"/></include></compose></ValueSet>