<?xml version="1.0" encoding="UTF-8"?><ValueSet xmlns="http://hl7.org/fhir"><id value="TimingVS"/><text><status value="generated"/><div xmlns="http://www.w3.org/1999/xhtml"><p class="res-header-id"><b>Generated Narrative: ValueSet TimingVS</b></p><a name="TimingVS"> </a><a name="hcTimingVS"> </a><a name="hcTimingVS-en-US"> </a><ul><li>Include these codes as defined in <code>https://www.snomed.org</code><table class="none"><tr><td style="white-space:nowrap"><b>Code</b></td><td><b>Display</b></td></tr><tr><td>162451001</td><td>Frequency</td></tr><tr><td>103335007</td><td>Duration</td></tr></table></li></ul></div></text><url value="http://example.org/ValueSet/TimingVS"/><version value="0.1.0"/><name value="TimingVS"/><status value="draft"/><date value="2024-05-27"/><publisher value="NQF"/><contact><name value="NQF"/><telecom><system value="url"/><value value="http://example.org/example-publisher"/></telecom></contact><compose><include><system value="https://www.snomed.org"/><concept><code value="162451001"/><display value="Frequency"/></concept><concept><code value="103335007"/><display value="Duration"/></concept></include></compose></ValueSet>