{
  "resourceType" : "CodeSystem",
  "id" : "RelatedStatusCS",
  "text" : {
    "status" : "generated",
    "div" : "<div xmlns=\"http://www.w3.org/1999/xhtml\"><p class=\"res-header-id\"><b>Generated Narrative: CodeSystem RelatedStatusCS</b></p><a name=\"RelatedStatusCS\"> </a><a name=\"hcRelatedStatusCS\"> </a><a name=\"hcRelatedStatusCS-en-US\"> </a><p>This  code system <code>http://example.org/CodeSystem/RelatedStatusCS</code> defines the following codes:</p><table class=\"codes\"><tr><td style=\"white-space:nowrap\"><b>Code</b></td><td><b>Display</b></td></tr><tr><td style=\"white-space:nowrap\">absent<a name=\"RelatedStatusCS-absent\"> </a></td><td>Absent</td></tr><tr><td style=\"white-space:nowrap\">present<a name=\"RelatedStatusCS-present\"> </a></td><td>Present</td></tr></table></div>"
  },
  "url" : "http://example.org/CodeSystem/RelatedStatusCS",
  "version" : "0.1.0",
  "name" : "RelatedStatusCS",
  "status" : "draft",
  "date" : "2024-05-27",
  "publisher" : "NQF",
  "contact" : [{
    "name" : "NQF",
    "telecom" : [{
      "system" : "url",
      "value" : "http://example.org/example-publisher"
    }]
  }],
  "content" : "complete",
  "count" : 2,
  "concept" : [{
    "code" : "absent",
    "display" : "Absent"
  },
  {
    "code" : "present",
    "display" : "Present"
  }]
}