{
  "resourceType" : "ValueSet",
  "id" : "RelatedStatusVS",
  "text" : {
    "status" : "generated",
    "div" : "<div xmlns=\"http://www.w3.org/1999/xhtml\"><p class=\"res-header-id\"><b>Generated Narrative: ValueSet RelatedStatusVS</b></p><a name=\"RelatedStatusVS\"> </a><a name=\"hcRelatedStatusVS\"> </a><a name=\"hcRelatedStatusVS-en-US\"> </a><ul><li>Include all codes defined in <a href=\"CodeSystem-RelatedStatusCS.html\"><code>http://example.org/CodeSystem/RelatedStatusCS</code></a></li></ul></div>"
  },
  "url" : "http://example.org/ValueSet/RelatedStatusVS",
  "version" : "0.1.0",
  "name" : "RelatedStatusVS",
  "status" : "draft",
  "date" : "2024-05-27",
  "publisher" : "NQF",
  "contact" : [{
    "name" : "NQF",
    "telecom" : [{
      "system" : "url",
      "value" : "http://example.org/example-publisher"
    }]
  }],
  "compose" : {
    "include" : [{
      "system" : "http://example.org/CodeSystem/RelatedStatusCS"
    }]
  }
}