{"resourceType":"ValueSet","id":"TimingVS","text":{"status":"generated","div":"<div xmlns=\"http://www.w3.org/1999/xhtml\"><p class=\"res-header-id\"><b>Generated Narrative: ValueSet TimingVS</b></p><a name=\"TimingVS\"> </a><a name=\"hcTimingVS\"> </a><a name=\"TimingVS-en-US\"> </a><ul><li>Include these codes as defined in <code>https://www.snomed.org</code><table class=\"none\"><tr><td style=\"white-space:nowrap\"><b>Code</b></td><td><b>Display</b></td></tr><tr><td>162451001</td><td>Frequency</td></tr><tr><td>103335007</td><td>Duration</td></tr></table></li></ul></div>"},"url":"http://example.org/ValueSet/TimingVS","version":"0.1.0","name":"TimingVS","status":"draft","date":"2024-05-27","publisher":"NQF","contact":[{"name":"NQF","telecom":[{"system":"url","value":"http://example.org/example-publisher"}]}],"compose":{"include":[{"system":"https://www.snomed.org","concept":[{"code":"162451001","display":"Frequency"},{"code":"103335007","display":"Duration"}]}]}}