<?xml version="1.0" encoding="UTF-8"?>

<Bundle xmlns="http://hl7.org/fhir">
  <id value="73094359-361e-4954-8655-4abbdecbdf7e"/>
  <meta>
    <lastUpdated value="2024-09-19T23:24:50.320-05:00"/>
  </meta>
  <type value="collection"/>
  <entry>
    <fullUrl value="http://example.org/ValueSet/RelatedStatusVS"/>
    <resource>
      <ValueSet>
        <text>
          <status value="generated"/>
          <div xmlns="http://www.w3.org/1999/xhtml">
            <p class="res-header-id">
              <b>Generated Narrative: ValueSet </b>
            </p>
            <p style="border: black 1px dotted; background-color: #EEEEEE; padding: 8px; margin-bottom: 8px">Expansion based on 
              <a href="CodeSystem-RelatedStatusCS.html">codesystem RelatedStatusCS v0.1.0 (CodeSystem)</a>
            </p>
            <p>This value set contains 2 concepts</p>
            <table class="codes">
              <tr>
                <td style="white-space:nowrap">
                  <b>Code</b>
                </td>
                <td>
                  <b>System</b>
                </td>
                <td>
                  <b>Display</b>
                </td>
              </tr>
              <tr>
                <td style="white-space:nowrap">
                  <a name="x-http://example.org/CodeSystem/RelatedStatusCS-absent"> </a>  
                  <a href="CodeSystem-RelatedStatusCS.html#RelatedStatusCS-absent">absent</a>
                </td>
                <td>http://example.org/CodeSystem/RelatedStatusCS</td>
                <td>Absent</td>
              </tr>
              <tr>
                <td style="white-space:nowrap">
                  <a name="x-http://example.org/CodeSystem/RelatedStatusCS-present"> </a>  
                  <a href="CodeSystem-RelatedStatusCS.html#RelatedStatusCS-present">present</a>
                </td>
                <td>http://example.org/CodeSystem/RelatedStatusCS</td>
                <td>Present</td>
              </tr>
            </table>
          </div>
        </text>
        <url value="http://example.org/ValueSet/RelatedStatusVS"/>
        <version value="0.1.0"/>
        <name value="RelatedStatusVS"/>
        <status value="draft"/>
        <date value="2024-05-27"/>
        <expansion>
          <identifier value="urn:uuid:f8a0b936-1a18-49c0-b911-dff176b66847"/>
          <timestamp value="2024-09-19T23:24:59-05:00"/>
          <total value="2"/>
          <offset value="0"/>
          <parameter>
            <name value="count"/>
            <valueInteger value="1000"/>
          </parameter>
          <parameter>
            <name value="offset"/>
            <valueInteger value="0"/>
          </parameter>
          <parameter>
            <name value="excludeNested"/>
            <valueBoolean value="false"/>
          </parameter>
          <parameter>
            <name value="used-codesystem"/>
            <valueUri value="http://example.org/CodeSystem/RelatedStatusCS|0.1.0"/>
          </parameter>
          <contains>
            <system value="http://example.org/CodeSystem/RelatedStatusCS"/>
            <code value="absent"/>
            <display value="Absent"/>
          </contains>
          <contains>
            <system value="http://example.org/CodeSystem/RelatedStatusCS"/>
            <code value="present"/>
            <display value="Present"/>
          </contains>
        </expansion>
      </ValueSet>
    </resource>
  </entry>
  <entry>
    <fullUrl value="http://example.org/ValueSet/RelatedTypeVS"/>
    <resource>
      <ValueSet>
        <text>
          <status value="generated"/>
          <div xmlns="http://www.w3.org/1999/xhtml">
            <p class="res-header-id">
              <b>Generated Narrative: ValueSet </b>
            </p>
            <p style="border: black 1px dotted; background-color: #EEEEEE; padding: 8px; margin-bottom: 8px">Expansion based on Loinc v2.78</p>
            <p>This value set contains 3 concepts</p>
            <table class="codes">
              <tr>
                <td style="white-space:nowrap">
                  <b>Code</b>
                </td>
                <td>
                  <b>System</b>
                </td>
                <td>
                  <b>Display</b>
                </td>
              </tr>
              <tr>
                <td style="white-space:nowrap">
                  <a name="x-http://loinc.org-100752-5"> </a>  
                  <a href="https://loinc.org/100752-5/">100752-5</a>
                </td>
                <td>http://loinc.org</td>
                <td>Exacerbating factors - Reported</td>
              </tr>
              <tr>
                <td style="white-space:nowrap">
                  <a name="x-http://loinc.org-100753-3"> </a>  
                  <a href="https://loinc.org/100753-3/">100753-3</a>
                </td>
                <td>http://loinc.org</td>
                <td>Alleviating factors - Reported</td>
              </tr>
              <tr>
                <td style="white-space:nowrap">
                  <a name="x-http://loinc.org-46467-7"> </a>  
                  <a href="https://loinc.org/46467-7/">46467-7</a>
                </td>
                <td>http://loinc.org</td>
                <td>Risk factors</td>
              </tr>
            </table>
          </div>
        </text>
        <url value="http://example.org/ValueSet/RelatedTypeVS"/>
        <version value="0.1.0"/>
        <name value="RelatedTypeVS"/>
        <status value="draft"/>
        <date value="2024-05-27"/>
        <expansion>
          <identifier value="urn:uuid:dc5ff19d-13a5-4527-a0e0-041474f3351f"/>
          <timestamp value="2024-09-19T23:24:59-05:00"/>
          <total value="3"/>
          <offset value="0"/>
          <parameter>
            <name value="count"/>
            <valueInteger value="1000"/>
          </parameter>
          <parameter>
            <name value="offset"/>
            <valueInteger value="0"/>
          </parameter>
          <parameter>
            <name value="excludeNested"/>
            <valueBoolean value="false"/>
          </parameter>
          <parameter>
            <name value="used-valueset"/>
            <valueUri value="null"/>
          </parameter>
          <parameter>
            <name value="used-codesystem"/>
            <valueUri value="http://loinc.org|2.78"/>
          </parameter>
          <parameter>
            <name value="version"/>
            <valueUri value="http://loinc.org|2.78"/>
          </parameter>
          <contains>
            <system value="http://loinc.org"/>
            <code value="100752-5"/>
            <display value="Exacerbating factors - Reported"/>
          </contains>
          <contains>
            <system value="http://loinc.org"/>
            <code value="100753-3"/>
            <display value="Alleviating factors - Reported"/>
          </contains>
          <contains>
            <system value="http://loinc.org"/>
            <code value="46467-7"/>
            <display value="Risk factors"/>
          </contains>
        </expansion>
      </ValueSet>
    </resource>
  </entry>
</Bundle>