{
  "package": "symptom.ig",
  "version": "0.1.0",
  "fhirVersion": "4.0.1",
  "extensions": [
    {
      "url": "http://example.org/StructureDefinition/Abatement",
      "title": "Abatement",
      "types": [
        "dateTime",
        "string",
        "Age",
        "Period",
        "Range"
      ]
    },
    {
      "url": "http://example.org/StructureDefinition/Manifestation",
      "title": "Manifestation",
      "types": [
        "code"
      ]
    },
    {
      "url": "http://example.org/StructureDefinition/RelatedStatus",
      "title": "RelatedStatus",
      "types": [
        "code"
      ]
    }
  ],
  "profiles": {
    "Observation": [
      {
        "url": "http://example.org/StructureDefinition/SymptomProfile",
        "title": "Symptom Profile"
      }
    ]
  },
  "usage": {
    "http://example.org/StructureDefinition/Abatement": [
      "Observation"
    ],
    "http://example.org/StructureDefinition/Manifestation": [
      "Observation"
    ],
    "http://example.org/StructureDefinition/RelatedStatus": [
      "Observation.component"
    ],
    "http://hl7.org/fhir/StructureDefinition/elementdefinition-bestpractice": [
      "StructureDefinition.snapshot.element.constraint"
    ],
    "http://hl7.org/fhir/StructureDefinition/elementdefinition-bestpractice-explanation": [
      "StructureDefinition.snapshot.element.constraint"
    ],
    "http://hl7.org/fhir/StructureDefinition/elementdefinition-bindingName": [
      "StructureDefinition.snapshot.element.binding"
    ],
    "http://hl7.org/fhir/StructureDefinition/elementdefinition-maxValueSet": [
      "StructureDefinition.snapshot.element.binding"
    ],
    "http://hl7.org/fhir/StructureDefinition/structuredefinition-display-hint": [
      "StructureDefinition.snapshot.element"
    ],
    "http://hl7.org/fhir/StructureDefinition/structuredefinition-fhir-type": [
      "StructureDefinition.snapshot.element.type"
    ],
    "http://hl7.org/fhir/tools/StructureDefinition/ig-internal-dependency": [
      "ImplementationGuide.definition"
    ],
    "http://hl7.org/fhir/tools/StructureDefinition/ig-page-name": [
      "ImplementationGuide.definition.page",
      "ImplementationGuide.definition.page.page"
    ],
    "http://hl7.org/fhir/tools/StructureDefinition/ig-parameter": [
      "ImplementationGuide.definition"
    ],
    "http://hl7.org/fhir/tools/StructureDefinition/implementationguide-dependency-comment": [
      "ImplementationGuide.dependsOn"
    ],
    "http://hl7.org/fhir/tools/StructureDefinition/resource-information": [
      "ImplementationGuide.definition.resource"
    ]
  }
}