URL,Version,Status,OIDs,Name,Title,Descriptino,Uses,Used,Sources
http://example.org/ValueSet/AssessmentValueVS,0.1.0,draft,,AssessmentValueVS,null,"","StructureDefinition/SymptomProfile","hl7.terminology.r4,Other"
http://example.org/ValueSet/ManifestationVS,0.1.0,draft,,ManifestationVS,null,"","StructureDefinition/Manifestation","Other"
http://example.org/ValueSet/RelatedStatusVS,0.1.0,draft,,RelatedStatusVS,null,"","StructureDefinition/RelatedStatus","Internal"
http://example.org/ValueSet/RelatedTypeVS,0.1.0,draft,,RelatedTypeVS,null,"","StructureDefinition/SymptomProfile","LOINC"
http://example.org/ValueSet/RelatedValueVS,0.1.0,draft,,RelatedValueVS,null,"","StructureDefinition/SymptomProfile","hl7.terminology.r4,Other"
http://example.org/ValueSet/SymptomsVS,0.1.0,draft,,SymptomsVS,null,"","StructureDefinition/SymptomProfile","hl7.terminology.r4,Other"
http://example.org/ValueSet/TimingVS,0.1.0,draft,,TimingVS,null,"","StructureDefinition/SymptomProfile","Other"
http://hl7.org/fhir/us/core/ValueSet/us-core-survey-codes,6.1.0,active,,USCoreSurveyCodes,US Core Survey Codes,"This value set includes screening and assessment panel codes in LOINC (Refer to [Appendix A](https://loinc.org/kb/users-guide/loinc-database-structure/) of LOINC Users' Guide).","StructureDefinition/SymptomProfile","LOINC"
