{
  "codeSystems" : [
    {
      "url" : "http://example.org/ValueSet/AssessmentValueVS",
      "version" : "0.1.0",
      "status" : "draft",
      "name" : "AssessmentValueVS",
      "title" : null,
      "description" : null,
      "systems" : ["https://www.snomed.org", "http://hl7.org/fhir/sid/icd-10-cm"],
      "uses" : {
      },
      "StructureDefinition-SymptomProfile.html" : "Symptom Profile"
    },
    {
      "url" : "http://example.org/ValueSet/ManifestationVS",
      "version" : "0.1.0",
      "status" : "draft",
      "name" : "ManifestationVS",
      "title" : null,
      "description" : null,
      "systems" : ["https://www.snomed.org"],
      "uses" : {
      },
      "StructureDefinition-Manifestation.html" : "Manifestation"
    },
    {
      "url" : "http://example.org/ValueSet/RelatedStatusVS",
      "version" : "0.1.0",
      "status" : "draft",
      "name" : "RelatedStatusVS",
      "title" : null,
      "description" : null,
      "systems" : ["http://example.org/CodeSystem/RelatedStatusCS"],
      "uses" : {
      },
      "StructureDefinition-RelatedStatus.html" : "RelatedStatus"
    },
    {
      "url" : "http://example.org/ValueSet/RelatedTypeVS",
      "version" : "0.1.0",
      "status" : "draft",
      "name" : "RelatedTypeVS",
      "title" : null,
      "description" : null,
      "systems" : ["http://loinc.org"],
      "uses" : {
      },
      "StructureDefinition-SymptomProfile.html" : "Symptom Profile"
    },
    {
      "url" : "http://example.org/ValueSet/RelatedValueVS",
      "version" : "0.1.0",
      "status" : "draft",
      "name" : "RelatedValueVS",
      "title" : null,
      "description" : null,
      "systems" : ["https://www.snomed.org", "http://hl7.org/fhir/sid/icd-10-cm"],
      "uses" : {
      },
      "StructureDefinition-SymptomProfile.html" : "Symptom Profile"
    },
    {
      "url" : "http://example.org/ValueSet/SymptomsVS",
      "version" : "0.1.0",
      "status" : "draft",
      "name" : "SymptomsVS",
      "title" : null,
      "description" : null,
      "systems" : ["https://www.snomed.org", "http://hl7.org/fhir/sid/icd-10-cm"],
      "uses" : {
      },
      "StructureDefinition-SymptomProfile.html" : "Symptom Profile"
    },
    {
      "url" : "http://example.org/ValueSet/TimingVS",
      "version" : "0.1.0",
      "status" : "draft",
      "name" : "TimingVS",
      "title" : null,
      "description" : null,
      "systems" : ["https://www.snomed.org"],
      "uses" : {
      },
      "StructureDefinition-SymptomProfile.html" : "Symptom Profile"
    },
    {
      "url" : "http://hl7.org/fhir/ValueSet/body-site",
      "version" : "4.0.1",
      "status" : "draft",
      "name" : "SNOMEDCTBodyStructures",
      "title" : "SNOMED CT Body Structures",
      "description" : "This value set includes all codes from [SNOMED CT](http://snomed.info/sct) where concept is-a 442083009 (Anatomical or acquired body site (body structure)).",
      "systems" : ["http://snomed.info/sct"],
      "oids" : ["2.16.840.1.113883.4.642.3.141"],
      "sources" : ["2.16.840.1.113883.4.642.3.141"],
      "uses" : {
      },
      "StructureDefinition-SymptomProfile.html" : "Symptom Profile"
    },
    {
      "url" : "http://hl7.org/fhir/ValueSet/data-absent-reason",
      "version" : "4.0.1",
      "status" : "active",
      "name" : "DataAbsentReason",
      "title" : "DataAbsentReason",
      "description" : "Used to specify why the normally expected content of the data element is missing.",
      "systems" : ["http://terminology.hl7.org/CodeSystem/data-absent-reason"],
      "oids" : ["2.16.840.1.113883.4.642.3.5"],
      "sources" : ["2.16.840.1.113883.4.642.3.5"],
      "uses" : {
      },
      "StructureDefinition-SymptomProfile.html" : "Symptom Profile"
    },
    {
      "url" : "http://hl7.org/fhir/ValueSet/languages",
      "version" : "4.0.1",
      "status" : "draft",
      "name" : "CommonLanguages",
      "title" : "Common Languages",
      "description" : "This value set includes common codes from BCP-47 (http://tools.ietf.org/html/bcp47)",
      "systems" : ["urn:ietf:bcp:47"],
      "oids" : ["2.16.840.1.113883.4.642.3.20"],
      "sources" : ["2.16.840.1.113883.4.642.3.20"],
      "uses" : {
      },
      "StructureDefinition-SymptomProfile.html" : "Symptom Profile"
    },
    {
      "url" : "http://hl7.org/fhir/ValueSet/observation-category",
      "version" : "4.0.1",
      "status" : "draft",
      "name" : "ObservationCategoryCodes",
      "title" : "Observation Category Codes",
      "description" : "Observation Category codes.",
      "systems" : ["http://terminology.hl7.org/CodeSystem/observation-category"],
      "oids" : ["2.16.840.1.113883.4.642.3.403"],
      "sources" : ["2.16.840.1.113883.4.642.3.403"],
      "uses" : {
      },
      "StructureDefinition-SymptomProfile.html" : "Symptom Profile"
    },
    {
      "url" : "http://hl7.org/fhir/ValueSet/observation-codes",
      "version" : "4.0.1",
      "status" : "draft",
      "name" : "LOINCCodes",
      "title" : "LOINC Codes",
      "description" : "This value set includes all LOINC codes",
      "systems" : ["http://loinc.org"],
      "oids" : ["2.16.840.1.113883.4.642.3.396"],
      "sources" : ["2.16.840.1.113883.4.642.3.396"],
      "uses" : {
      },
      "StructureDefinition-SymptomProfile.html" : "Symptom Profile"
    },
    {
      "url" : "http://hl7.org/fhir/ValueSet/observation-interpretation",
      "version" : "4.0.1",
      "status" : "active",
      "name" : "ObservationInterpretationCodes",
      "title" : "Observation Interpretation Codes",
      "description" : "A categorical assessment, providing a rough qualitative interpretation of the observation value,    such as “normal”/ “abnormal”,”low” / “high”, “better” / “worse”, “susceptible” / “resistant”, “expected”/ “not expected”.    The value set is intended to be for ANY use where coded representation of an interpretation is needed.   \r\n   \r\n   Notes:\r\n   \r\n   This is being communicated in v2.x in OBX-8 (Observation Interpretation), in v3 in ObservationInterpretation (CWE) in R1 (Representative Realm) and in FHIR in    Observation.interpretation. Historically these values come from the laboratory domain, and these codes are extensively    used. The value set binding is extensible, so codes outside the value set that are needed for interpretation concepts    (i.e. particular meanings) that are not included in the value set can be used, and these new codes may also be added to    the value set and published in a future version.",
      "systems" : [
        "http://terminology.hl7.org/CodeSystem/v3-ObservationInterpretation"
      ],
      "oids" : ["2.16.840.1.113883.4.642.3.399"],
      "sources" : ["2.16.840.1.113883.4.642.3.399"],
      "uses" : {
      },
      "StructureDefinition-SymptomProfile.html" : "Symptom Profile"
    },
    {
      "url" : "http://hl7.org/fhir/ValueSet/observation-methods",
      "version" : "4.0.1",
      "status" : "draft",
      "name" : "ObservationMethods",
      "title" : "Observation Methods",
      "description" : "Observation Method codes from [SNOMED CT](http://snomed.info/sct) where concept is-a 272394005 (Technique (qualifier value)) or is-a 129264002 (Action (qualifier value)) or is-a 386053000 (Evaluation procedure(procedure))",
      "systems" : ["http://snomed.info/sct"],
      "oids" : ["2.16.840.1.113883.4.642.3.395"],
      "sources" : ["2.16.840.1.113883.4.642.3.395"],
      "uses" : {
      },
      "StructureDefinition-SymptomProfile.html" : "Symptom Profile"
    },
    {
      "url" : "http://hl7.org/fhir/ValueSet/observation-status",
      "version" : "4.0.1",
      "status" : "active",
      "name" : "ObservationStatus",
      "title" : "ObservationStatus",
      "description" : "Codes providing the status of an observation.",
      "systems" : ["http://hl7.org/fhir/observation-status"],
      "oids" : ["2.16.840.1.113883.4.642.3.400"],
      "sources" : ["2.16.840.1.113883.4.642.3.400"],
      "uses" : {
      },
      "StructureDefinition-SymptomProfile.html" : "Symptom Profile"
    },
    {
      "url" : "http://hl7.org/fhir/ValueSet/referencerange-appliesto",
      "version" : "4.0.1",
      "status" : "draft",
      "name" : "ObservationReferenceRangeAppliesToCodes",
      "title" : "Observation Reference Range Applies To Codes",
      "description" : "This value set defines a set of codes that can be used to indicate the particular target population the reference range applies to.",
      "systems" : [
        "http://terminology.hl7.org/CodeSystem/v3-Race",
        "http://snomed.info/sct"
      ],
      "oids" : ["2.16.840.1.113883.4.642.3.407"],
      "sources" : ["2.16.840.1.113883.4.642.3.407"],
      "uses" : {
      },
      "StructureDefinition-SymptomProfile.html" : "Symptom Profile"
    },
    {
      "url" : "http://hl7.org/fhir/ValueSet/referencerange-meaning",
      "version" : "4.0.1",
      "status" : "draft",
      "name" : "ObservationReferenceRangeMeaningCodes",
      "title" : "Observation Reference Range Meaning Codes",
      "description" : "This value set defines a set of codes that can be used to indicate the meaning/use of a reference range for a particular target population.",
      "systems" : [
        "http://terminology.hl7.org/CodeSystem/referencerange-meaning"
      ],
      "oids" : ["2.16.840.1.113883.4.642.3.397"],
      "sources" : ["2.16.840.1.113883.4.642.3.397"],
      "uses" : {
      },
      "StructureDefinition-SymptomProfile.html" : "Symptom Profile"
    },
    {
      "url" : "http://hl7.org/fhir/us/core/ValueSet/us-core-survey-codes",
      "version" : "6.1.0",
      "status" : "active",
      "name" : "USCoreSurveyCodes",
      "title" : "US Core Survey Codes",
      "description" : "This value set includes screening and assessment panel codes in LOINC (Refer to [Appendix A](https://loinc.org/kb/users-guide/loinc-database-structure/) of LOINC Users' Guide).",
      "systems" : ["http://loinc.org"],
      "uses" : {
      },
      "StructureDefinition-SymptomProfile.html" : "Symptom Profile"
    }
  ]
}
