{
  "codeSystems" : [
    {
      "url" : "http://example.org/ValueSet/AssessmentValueVS",
      "version" : "0.1.0",
      "status" : "draft",
      "name" : "AssessmentValueVS",
      "title" : null,
      "description" : null,
      "systems" : ["https://www.snomed.org", "http://hl7.org/fhir/sid/icd-10-cm"]
    },
    {
      "url" : "http://example.org/ValueSet/ManifestationVS",
      "version" : "0.1.0",
      "status" : "draft",
      "name" : "ManifestationVS",
      "title" : null,
      "description" : null,
      "systems" : ["https://www.snomed.org"]
    },
    {
      "url" : "http://example.org/ValueSet/RelatedStatusVS",
      "version" : "0.1.0",
      "status" : "draft",
      "name" : "RelatedStatusVS",
      "title" : null,
      "description" : null,
      "systems" : ["http://example.org/CodeSystem/RelatedStatusCS"]
    },
    {
      "url" : "http://example.org/ValueSet/RelatedTypeVS",
      "version" : "0.1.0",
      "status" : "draft",
      "name" : "RelatedTypeVS",
      "title" : null,
      "description" : null,
      "systems" : ["http://loinc.org"]
    },
    {
      "url" : "http://example.org/ValueSet/RelatedValueVS",
      "version" : "0.1.0",
      "status" : "draft",
      "name" : "RelatedValueVS",
      "title" : null,
      "description" : null,
      "systems" : ["https://www.snomed.org", "http://hl7.org/fhir/sid/icd-10-cm"]
    },
    {
      "url" : "http://example.org/ValueSet/SymptomsVS",
      "version" : "0.1.0",
      "status" : "draft",
      "name" : "SymptomsVS",
      "title" : null,
      "description" : null,
      "systems" : ["https://www.snomed.org", "http://hl7.org/fhir/sid/icd-10-cm"]
    },
    {
      "url" : "http://example.org/ValueSet/TimingVS",
      "version" : "0.1.0",
      "status" : "draft",
      "name" : "TimingVS",
      "title" : null,
      "description" : null,
      "systems" : ["https://www.snomed.org"]
    }
  ]
}
