{
  "codeSystems" : [
    {
      "url" : "http://example.org/ValueSet/AssessmentValueVS",
      "version" : "0.1.0",
      "status" : "draft",
      "name" : "AssessmentValueVS",
      "title" : null,
      "description" : null,
      "systems" : ["https://www.snomed.org", "http://hl7.org/fhir/sid/icd-10-cm"],
      "uses" : {
      },
      "StructureDefinition-SymptomProfile.html" : "Symptom Profile"
    },
    {
      "url" : "http://example.org/ValueSet/ManifestationVS",
      "version" : "0.1.0",
      "status" : "draft",
      "name" : "ManifestationVS",
      "title" : null,
      "description" : null,
      "systems" : ["https://www.snomed.org"],
      "uses" : {
      },
      "StructureDefinition-Manifestation.html" : "Manifestation"
    },
    {
      "url" : "http://example.org/ValueSet/RelatedStatusVS",
      "version" : "0.1.0",
      "status" : "draft",
      "name" : "RelatedStatusVS",
      "title" : null,
      "description" : null,
      "systems" : ["http://example.org/CodeSystem/RelatedStatusCS"],
      "uses" : {
      },
      "StructureDefinition-RelatedStatus.html" : "RelatedStatus"
    },
    {
      "url" : "http://example.org/ValueSet/RelatedTypeVS",
      "version" : "0.1.0",
      "status" : "draft",
      "name" : "RelatedTypeVS",
      "title" : null,
      "description" : null,
      "systems" : ["http://loinc.org"],
      "uses" : {
      },
      "StructureDefinition-SymptomProfile.html" : "Symptom Profile"
    },
    {
      "url" : "http://example.org/ValueSet/RelatedValueVS",
      "version" : "0.1.0",
      "status" : "draft",
      "name" : "RelatedValueVS",
      "title" : null,
      "description" : null,
      "systems" : ["https://www.snomed.org", "http://hl7.org/fhir/sid/icd-10-cm"],
      "uses" : {
      },
      "StructureDefinition-SymptomProfile.html" : "Symptom Profile"
    },
    {
      "url" : "http://example.org/ValueSet/SymptomsVS",
      "version" : "0.1.0",
      "status" : "draft",
      "name" : "SymptomsVS",
      "title" : null,
      "description" : null,
      "systems" : ["https://www.snomed.org", "http://hl7.org/fhir/sid/icd-10-cm"],
      "uses" : {
      },
      "StructureDefinition-SymptomProfile.html" : "Symptom Profile"
    },
    {
      "url" : "http://example.org/ValueSet/TimingVS",
      "version" : "0.1.0",
      "status" : "draft",
      "name" : "TimingVS",
      "title" : null,
      "description" : null,
      "systems" : ["https://www.snomed.org"],
      "uses" : {
      },
      "StructureDefinition-SymptomProfile.html" : "Symptom Profile"
    },
    {
      "url" : "http://hl7.org/fhir/us/core/ValueSet/us-core-survey-codes",
      "version" : "6.1.0",
      "status" : "active",
      "name" : "USCoreSurveyCodes",
      "title" : "US Core Survey Codes",
      "description" : "This value set includes screening and assessment panel codes in LOINC (Refer to [Appendix A](https://loinc.org/kb/users-guide/loinc-database-structure/) of LOINC Users' Guide).",
      "systems" : ["http://loinc.org"],
      "uses" : {
      },
      "StructureDefinition-SymptomProfile.html" : "Symptom Profile"
    }
  ]
}
